"File","Function"
"C:\Users\Huawei\Downloads\ig-autobot\bot.py","sanitize_image_prompt"
"C:\Users\Huawei\Downloads\ig-autobot\bot.py","_read_posts"
"C:\Users\Huawei\Downloads\ig-autobot\bot.py","_write_posts"
"C:\Users\Huawei\Downloads\ig-autobot\bot.py","extract_hook_text"
"C:\Users\Huawei\Downloads\ig-autobot\bot.py","generate_story_image"
"C:\Users\Huawei\Downloads\ig-autobot\bot.py","_editor_fallback"
"C:\Users\Huawei\Downloads\ig-autobot\bot.py","get_output_path"
"C:\Users\Huawei\Downloads\ig-autobot\bot.py","_env_flag"
"C:\Users\Huawei\Downloads\ig-autobot\bot.py","_write_output_jpg"
"C:\Users\Huawei\Downloads\ig-autobot\bot.py","_fetch_ambient_music"
"C:\Users\Huawei\Downloads\ig-autobot\bot.py","_caption_is_incomplete"
"C:\Users\Huawei\Downloads\ig-autobot\bot.py","_has_mid_sentence_break"
"C:\Users\Huawei\Downloads\ig-autobot\bot.py","_ai_verify_caption"
"C:\Users\Huawei\Downloads\ig-autobot\bot.py","_strip_trailing_cta"
"C:\Users\Huawei\Downloads\ig-autobot\bot.py","generate_caption"
"C:\Users\Huawei\Downloads\ig-autobot\bot.py","_sanitize_profanity"
"C:\Users\Huawei\Downloads\ig-autobot\bot.py","_read_state"
"C:\Users\Huawei\Downloads\ig-autobot\bot.py","_write_state"
"C:\Users\Huawei\Downloads\ig-autobot\bot.py","_save_pending"
"C:\Users\Huawei\Downloads\ig-autobot\bot.py","_load_and_clear_pending"
"C:\Users\Huawei\Downloads\ig-autobot\bot.py","_try_resume_pending"
"C:\Users\Huawei\Downloads\ig-autobot\bot.py","clean_caption_formatting"
"C:\Users\Huawei\Downloads\ig-autobot\bot.py","choose_next_cta"
"C:\Users\Huawei\Downloads\ig-autobot\bot.py","render_cta"
"C:\Users\Huawei\Downloads\ig-autobot\bot.py","choose_hashtags"
"C:\Users\Huawei\Downloads\ig-autobot\bot.py","_process_caption_output"
"C:\Users\Huawei\Downloads\ig-autobot\bot.py","_strip_json_fences"
"C:\Users\Huawei\Downloads\ig-autobot\bot.py","_extract_json_array"
"C:\Users\Huawei\Downloads\ig-autobot\bot.py","_parse_posts_json_array"
"C:\Users\Huawei\Downloads\ig-autobot\bot.py","_repair_posts_json_via_llm"
"C:\Users\Huawei\Downloads\ig-autobot\bot.py","_generate_new_posts"
"C:\Users\Huawei\Downloads\ig-autobot\bot.py","_is_image_censored"
"C:\Users\Huawei\Downloads\ig-autobot\bot.py","_generate_image_ai_horde"
"C:\Users\Huawei\Downloads\ig-autobot\bot.py","_weighted_post_choice"
"C:\Users\Huawei\Downloads\ig-autobot\bot.py","_corrected_weight"
"C:\Users\Huawei\Downloads\ig-autobot\bot.py","generate_image"
"C:\Users\Huawei\Downloads\ig-autobot\bot.py","generate_images_batch"
"C:\Users\Huawei\Downloads\ig-autobot\bot.py","generate_carousel"
"C:\Users\Huawei\Downloads\ig-autobot\bot.py","_load_sans"
"C:\Users\Huawei\Downloads\ig-autobot\bot.py","_load_sans_bold"
"C:\Users\Huawei\Downloads\ig-autobot\bot.py","generate_wilma_carousel"
"C:\Users\Huawei\Downloads\ig-autobot\bot.py","_load_serif"
"C:\Users\Huawei\Downloads\ig-autobot\bot.py","_load_serif_bold"
"C:\Users\Huawei\Downloads\ig-autobot\bot.py","extract_text_from_pdf"
"C:\Users\Huawei\Downloads\ig-autobot\bot.py","extract_book_insights"
"C:\Users\Huawei\Downloads\ig-autobot\bot.py","add_static_text_overlay"
"C:\Users\Huawei\Downloads\ig-autobot\bot.py","_load_font"
"C:\Users\Huawei\Downloads\ig-autobot\bot.py","generate_reel"
"C:\Users\Huawei\Downloads\ig-autobot\bot.py","_load_font"
"C:\Users\Huawei\Downloads\ig-autobot\bot.py","_compose_frame"
"C:\Users\Huawei\Downloads\ig-autobot\bot.py","apply_logo_watermark"
"C:\Users\Huawei\Downloads\ig-autobot\bot.py","_check_horde_health"
"C:\Users\Huawei\Downloads\ig-autobot\bot.py","_get_available_horde_text_models"
"C:\Users\Huawei\Downloads\ig-autobot\bot.py","_generate_text_ai_horde"
"C:\Users\Huawei\Downloads\ig-autobot\bot.py","main"
"C:\Users\Huawei\Downloads\ig-autobot\check_status.py","summarize_state"
"C:\Users\Huawei\Downloads\ig-autobot\shared_utils.py","load_state"
"C:\Users\Huawei\Downloads\ig-autobot\shared_utils.py","_validate_json"
"C:\Users\Huawei\Downloads\ig-autobot\shared_utils.py","save_state"
"C:\Users\Huawei\Downloads\ig-autobot\shared_utils.py","get_active_bundle"
"C:\Users\Huawei\Downloads\ig-autobot\shared_utils.py","is_platform_posted"
"C:\Users\Huawei\Downloads\ig-autobot\shared_utils.py","is_bundle_consumed_for_platform"
"C:\Users\Huawei\Downloads\ig-autobot\shared_utils.py","advance_stale_active_bundle"
"C:\Users\Huawei\Downloads\ig-autobot\shared_utils.py","required_platforms"
"C:\Users\Huawei\Downloads\ig-autobot\shared_utils.py","resolve_bundle_media"
"C:\Users\Huawei\Downloads\ig-autobot\shared_utils.py","_clean_path"
"C:\Users\Huawei\Downloads\ig-autobot\shared_utils.py","_to_url"
"C:\Users\Huawei\Downloads\ig-autobot\shared_utils.py","update_state_after_post"
"C:\Users\Huawei\Downloads\ig-autobot\shared_utils.py","clean_caption_formatting"
"C:\Users\Huawei\Downloads\ig-autobot\update_bundles.py","_strip_hashtags_from_threads"
"C:\Users\Huawei\Downloads\ig-autobot\update_bundles.py","_strip_bluesky_cta"
"C:\Users\Huawei\Downloads\ig-autobot\update_bundles.py","_ensure_bluesky_linkedin_cta"
"C:\Users\Huawei\Downloads\ig-autobot\update_bundles.py","_fix_bundle_captions"
"C:\Users\Huawei\Downloads\ig-autobot\update_bundles.py","update_state_bundles"
"C:\Users\Huawei\Downloads\ig-autobot\archive\get_april_baseline.py","get_historical_insights"
"C:\Users\Huawei\Downloads\ig-autobot\archive\get_insights.py","get_account_insights"
"C:\Users\Huawei\Downloads\ig-autobot\archive\pinterest_oauth_helper.py","generate_auth_url"
"C:\Users\Huawei\Downloads\ig-autobot\archive\pinterest_oauth_helper.py","exchange_code"
"C:\Users\Huawei\Downloads\ig-autobot\archive\validate_token.py","validate_token"
"C:\Users\Huawei\Downloads\ig-autobot\forwilma\publish_wilma_bluesky.py","_today_expected_type"
"C:\Users\Huawei\Downloads\ig-autobot\forwilma\publish_wilma_bluesky.py","_load_schedule_type"
"C:\Users\Huawei\Downloads\ig-autobot\forwilma\publish_wilma_bluesky.py","_active_type"
"C:\Users\Huawei\Downloads\ig-autobot\forwilma\publish_wilma_bluesky.py","_advance_to_today_pillar"
"C:\Users\Huawei\Downloads\ig-autobot\forwilma\publish_wilma_bluesky.py","_read_state_path"
"C:\Users\Huawei\Downloads\ig-autobot\forwilma\publish_wilma_bluesky.py","_write_state"
"C:\Users\Huawei\Downloads\ig-autobot\forwilma\publish_wilma_bluesky.py","_resolve_active_bundle"
"C:\Users\Huawei\Downloads\ig-autobot\forwilma\publish_wilma_bluesky.py","_resolve_wilma_media"
"C:\Users\Huawei\Downloads\ig-autobot\forwilma\publish_wilma_bluesky.py","_normalize_bluesky_handle"
"C:\Users\Huawei\Downloads\ig-autobot\forwilma\publish_wilma_bluesky.py","_bluesky_credential_candidates"
"C:\Users\Huawei\Downloads\ig-autobot\forwilma\publish_wilma_bluesky.py","_login_bluesky_client"
"C:\Users\Huawei\Downloads\ig-autobot\forwilma\publish_wilma_bluesky.py","_post_bluesky_text_only"
"C:\Users\Huawei\Downloads\ig-autobot\forwilma\publish_wilma_bluesky.py","_post_bluesky"
"C:\Users\Huawei\Downloads\ig-autobot\forwilma\publish_wilma_bluesky.py","publish_wilma_to_bluesky"
"C:\Users\Huawei\Downloads\ig-autobot\forwilma\publish_wilma_linkedin.py","_today_expected_type"
"C:\Users\Huawei\Downloads\ig-autobot\forwilma\publish_wilma_linkedin.py","_load_schedule_type"
"C:\Users\Huawei\Downloads\ig-autobot\forwilma\publish_wilma_linkedin.py","_active_type"
"C:\Users\Huawei\Downloads\ig-autobot\forwilma\publish_wilma_linkedin.py","_advance_to_today_pillar"
"C:\Users\Huawei\Downloads\ig-autobot\forwilma\publish_wilma_linkedin.py","_linkedin_flag_path"
"C:\Users\Huawei\Downloads\ig-autobot\forwilma\publish_wilma_linkedin.py","_linkedin_prepared_in_state"
"C:\Users\Huawei\Downloads\ig-autobot\forwilma\publish_wilma_linkedin.py","get_fresh_linkedin_token"
"C:\Users\Huawei\Downloads\ig-autobot\forwilma\publish_wilma_linkedin.py","upload_image_rest"
"C:\Users\Huawei\Downloads\ig-autobot\forwilma\publish_wilma_linkedin.py","upload_images_rest"
"C:\Users\Huawei\Downloads\ig-autobot\forwilma\publish_wilma_linkedin.py","publish_carousel_linkedin"
"C:\Users\Huawei\Downloads\ig-autobot\forwilma\publish_wilma_linkedin.py","_resolve_active_bundle"
"C:\Users\Huawei\Downloads\ig-autobot\forwilma\publish_wilma_linkedin.py","publish_to_linkedin_rest"
"C:\Users\Huawei\Downloads\ig-autobot\forwilma\publish_wilma_linkedin.py","_post_linkedin_text_only"
"C:\Users\Huawei\Downloads\ig-autobot\forwilma\publish_wilma_linkedin.py","_create_linkedin_image_post"
"C:\Users\Huawei\Downloads\ig-autobot\forwilma\wilma_bot.py","_fallback_generate_image_ai_horde"
"C:\Users\Huawei\Downloads\ig-autobot\forwilma\wilma_bot.py","_fallback_generate_text_ai_horde"
"C:\Users\Huawei\Downloads\ig-autobot\forwilma\wilma_bot.py","_fallback_add_logo"
"C:\Users\Huawei\Downloads\ig-autobot\forwilma\wilma_bot.py","_fallback_add_static_overlay"
"C:\Users\Huawei\Downloads\ig-autobot\forwilma\wilma_bot.py","_fallback_generate_reel"
"C:\Users\Huawei\Downloads\ig-autobot\forwilma\wilma_bot.py","_fallback_generate_caption"
"C:\Users\Huawei\Downloads\ig-autobot\forwilma\wilma_bot.py","_fallback_generate_carousel"
"C:\Users\Huawei\Downloads\ig-autobot\forwilma\wilma_bot.py","_fallback_sanitize_image_prompt"
"C:\Users\Huawei\Downloads\ig-autobot\forwilma\wilma_bot.py","_fallback_extract_hook_text"
"C:\Users\Huawei\Downloads\ig-autobot\forwilma\wilma_bot.py","_fallback_editor_fallback"
"C:\Users\Huawei\Downloads\ig-autobot\forwilma\wilma_bot.py","_fallback_get_available_horde_text_models"
"C:\Users\Huawei\Downloads\ig-autobot\forwilma\wilma_bot.py","_fallback_write_output_jpg"
"C:\Users\Huawei\Downloads\ig-autobot\forwilma\wilma_bot.py","_fallback_ai_verify_caption"
"C:\Users\Huawei\Downloads\ig-autobot\forwilma\wilma_bot.py","_read_schedule"
"C:\Users\Huawei\Downloads\ig-autobot\forwilma\wilma_bot.py","_read_state"
"C:\Users\Huawei\Downloads\ig-autobot\forwilma\wilma_bot.py","_write_state"
"C:\Users\Huawei\Downloads\ig-autobot\forwilma\wilma_bot.py","_save_pending"
"C:\Users\Huawei\Downloads\ig-autobot\forwilma\wilma_bot.py","_load_and_clear_pending"
"C:\Users\Huawei\Downloads\ig-autobot\forwilma\wilma_bot.py","_try_resume_pending_wilma"
"C:\Users\Huawei\Downloads\ig-autobot\forwilma\wilma_bot.py","_generate_wilma_visual_prompt"
"C:\Users\Huawei\Downloads\ig-autobot\forwilma\wilma_bot.py","_strip_bluesky_cta"
"C:\Users\Huawei\Downloads\ig-autobot\forwilma\wilma_bot.py","_enforce_wilma_persona"
"C:\Users\Huawei\Downloads\ig-autobot\forwilma\wilma_bot.py","_wilma_carousel_slides"
"C:\Users\Huawei\Downloads\ig-autobot\forwilma\wilma_bot.py","main"
"C:\Users\Huawei\Downloads\ig-autobot\scripts\compare_monthly_metrics.py","_chunked_dates"
"C:\Users\Huawei\Downloads\ig-autobot\scripts\compare_monthly_metrics.py","fetch_monthly_totals"
"C:\Users\Huawei\Downloads\ig-autobot\scripts\compare_monthly_metrics.py","load_history"
"C:\Users\Huawei\Downloads\ig-autobot\scripts\compare_monthly_metrics.py","find_baseline"
"C:\Users\Huawei\Downloads\ig-autobot\scripts\compare_monthly_metrics.py","compare"
"C:\Users\Huawei\Downloads\ig-autobot\scripts\compare_monthly_metrics.py","clean"
"C:\Users\Huawei\Downloads\ig-autobot\scripts\compare_monthly_metrics.py","pct"
"C:\Users\Huawei\Downloads\ig-autobot\scripts\generate_carousel_from_bundle.py","main"
"C:\Users\Huawei\Downloads\ig-autobot\scripts\generate_gallery_json.py","get_files"
"C:\Users\Huawei\Downloads\ig-autobot\scripts\generate_hyperframes_reel.py","ensure_jinja2"
"C:\Users\Huawei\Downloads\ig-autobot\scripts\generate_hyperframes_reel.py","split_beats"
"C:\Users\Huawei\Downloads\ig-autobot\scripts\generate_hyperframes_reel.py","sanitize_identifier"
"C:\Users\Huawei\Downloads\ig-autobot\scripts\generate_hyperframes_reel.py","read_state"
"C:\Users\Huawei\Downloads\ig-autobot\scripts\generate_hyperframes_reel.py","choose_motion"
"C:\Users\Huawei\Downloads\ig-autobot\scripts\generate_hyperframes_reel.py","resolve_audio_path"
"C:\Users\Huawei\Downloads\ig-autobot\scripts\generate_hyperframes_reel.py","generate_composition"
"C:\Users\Huawei\Downloads\ig-autobot\scripts\generate_hyperframes_reel.py","parse_args"
"C:\Users\Huawei\Downloads\ig-autobot\scripts\generate_hyperframes_reel.py","main"
"C:\Users\Huawei\Downloads\ig-autobot\scripts\generate_hyperframes_reel.py","_queue_candidate"
"C:\Users\Huawei\Downloads\ig-autobot\scripts\generate_hyperframes_reel.py","_queue_candidate"
"C:\Users\Huawei\Downloads\ig-autobot\scripts\prepare_assets.py","_bundle_consumed_for_platform"
"C:\Users\Huawei\Downloads\ig-autobot\scripts\prepare_assets.py","_select_next_bundle_for_platform"
"C:\Users\Huawei\Downloads\ig-autobot\scripts\prepare_assets.py","_platform_policy"
"C:\Users\Huawei\Downloads\ig-autobot\scripts\prepare_assets.py","_apply_platform_tailoring"
"C:\Users\Huawei\Downloads\ig-autobot\scripts\prepare_assets.py","_instagram_format_for_weekday"
"C:\Users\Huawei\Downloads\ig-autobot\scripts\prepare_assets.py","prepare"
"C:\Users\Huawei\Downloads\ig-autobot\scripts\prepare_assets.py","_normalize_paths"
"C:\Users\Huawei\Downloads\ig-autobot\scripts\publish_bluesky.py","publish_to_bluesky"
"C:\Users\Huawei\Downloads\ig-autobot\scripts\publish_facebook.py","publish_to_facebook"
"C:\Users\Huawei\Downloads\ig-autobot\scripts\publish_facebook.py","main"
"C:\Users\Huawei\Downloads\ig-autobot\scripts\publish_linkedin.py","refresh_linkedin_access_token"
"C:\Users\Huawei\Downloads\ig-autobot\scripts\publish_linkedin.py","_linkedin_headers"
"C:\Users\Huawei\Downloads\ig-autobot\scripts\publish_linkedin.py","upload_image_rest"
"C:\Users\Huawei\Downloads\ig-autobot\scripts\publish_linkedin.py","upload_images_batch"
"C:\Users\Huawei\Downloads\ig-autobot\scripts\publish_linkedin.py","publish_carousel_linkedin"
"C:\Users\Huawei\Downloads\ig-autobot\scripts\publish_linkedin.py","publish_to_linkedin_rest"
"C:\Users\Huawei\Downloads\ig-autobot\scripts\publish_pinterest.py","check_url_live"
"C:\Users\Huawei\Downloads\ig-autobot\scripts\publish_pinterest.py","get_fresh_access_token"
"C:\Users\Huawei\Downloads\ig-autobot\scripts\publish_pinterest.py","publish_to_pinterest"
"C:\Users\Huawei\Downloads\ig-autobot\scripts\publish_threads.py","check_url_live"
"C:\Users\Huawei\Downloads\ig-autobot\scripts\publish_threads.py","wait_for_threads_media"
"C:\Users\Huawei\Downloads\ig-autobot\scripts\publish_threads.py","create_threads_container"
"C:\Users\Huawei\Downloads\ig-autobot\scripts\publish_threads.py","publish_to_threads"
"C:\Users\Huawei\Downloads\ig-autobot\scripts\publish_youtube.py","get_youtube_service"
"C:\Users\Huawei\Downloads\ig-autobot\scripts\publish_youtube.py","publish_to_youtube"
"C:\Users\Huawei\Downloads\ig-autobot\scripts\publish.py","_get_instagram_preferred_format"
"C:\Users\Huawei\Downloads\ig-autobot\scripts\publish.py","check_url_live"
"C:\Users\Huawei\Downloads\ig-autobot\scripts\publish.py","wait_for_media"
"C:\Users\Huawei\Downloads\ig-autobot\scripts\publish.py","publish_single"
"C:\Users\Huawei\Downloads\ig-autobot\scripts\publish.py","publish_story"
"C:\Users\Huawei\Downloads\ig-autobot\scripts\publish.py","publish_reel_with_name"
"C:\Users\Huawei\Downloads\ig-autobot\scripts\publish.py","publish_carousel"
"C:\Users\Huawei\Downloads\ig-autobot\scripts\publish.py","publish_container"
"C:\Users\Huawei\Downloads\ig-autobot\scripts\publish.py","main"
"C:\Users\Huawei\Downloads\ig-autobot\tests\test_bundle_reservation.py","test_detects_same_platform_consumption"
"C:\Users\Huawei\Downloads\ig-autobot\tests\test_bundle_reservation.py","test_prepare_assets_skips_already_consumed_bundle_for_same_platform"
"C:\Users\Huawei\Downloads\ig-autobot\tests\test_platform_tailoring.py","test_bluesky_tailoring_adds_linkedin_cta_and_limits_length"
"C:\Users\Huawei\Downloads\ig-autobot\tests\test_platform_tailoring.py","test_threads_tailoring_shortens_caption"
"C:\Users\Huawei\Downloads\ig-autobot\tests\test_platform_tailoring.py","test_youtube_tailoring_uses_short_caption"
"C:\Users\Huawei\Downloads\ig-autobot\tests\test_platform_tailoring.py","test_instagram_cadence_selects_expected_format_by_day"
"C:\Users\Huawei\Downloads\ig-autobot\tests\test_platform_tailoring.py","test_publish_uses_instagram_format_marker_when_present"
"C:\Users\Huawei\Downloads\ig-autobot\tests\test_prepare_assets_queue.py","test_selects_next_bundle_when_current_one_was_already_posted"
"C:\Users\Huawei\Downloads\ig-autobot\tests\test_prepare_assets_queue.py","test_queue_order_preserved_after_removing_first_candidate"
"C:\Users\Huawei\Downloads\ig-autobot\tests\test_verify_outputs.py","test_accepts_valid_assets"
"C:\Users\Huawei\Downloads\ig-autobot\tests\test_verify_outputs.py","test_rejects_missing_caption"
